filename,label
case_1.pdf,Criminal Appellate Jurisdiction
case_2.pdf,Criminal Appellate Jurisdiction
case_3.pdf,Criminal Appellate Jurisdiction
case_4.pdf,Criminal Appellate Jurisdiction
case_5.pdf,Criminal Appellate Jurisdiction
case_6.pdf,Criminal Appellate Jurisdiction
case_7.pdf,Criminal Appellate Jurisdiction
case_8.pdf,Criminal Appellate Jurisdiction
case_9.pdf,Criminal Appellate Jurisdiction
case_10.pdf,Criminal Appellate Jurisdiction
case_11.pdf,Original Side
case_12.pdf,Original Side
case_13.pdf,Original Side
case_14.pdf,Original Side
case_15.pdf,Original Side
case_16.pdf,Original Side
case_17.pdf,Original Side
case_18.pdf,Original Side
case_19.pdf,Original Side
case_20.pdf,Original Side
case_21.pdf,Original Side
case_22.pdf,Original Side
case_23.pdf,Original Side
case_24.pdf,Original Side
case_25.pdf,Original Side
case_26.pdf,Civil Appellate Jurisdiction
case_27.pdf,Civil Appellate Jurisdiction
case_28.pdf,Civil Appellate Jurisdiction
case_29.pdf,Civil Appellate Jurisdiction
case_30.pdf,Civil Appellate Jurisdiction
case_31.pdf,Civil Appellate Jurisdiction
case_32.pdf,Civil Appellate Jurisdiction
case_33.pdf,Civil Appellate Jurisdiction
case_34.pdf,Civil Appellate Jurisdiction
case_35.pdf,Civil Appellate Jurisdiction
case_36.pdf,Civil Appellate Jurisdiction
case_37.pdf,Civil Appellate Jurisdiction
case_38.pdf,Civil Appellate Jurisdiction
case_39.pdf,Civil Appellate Jurisdiction
case_40.pdf,Civil Appellate Jurisdiction
case_41.pdf,Writ Jurisdiction
case_42.pdf,Writ Jurisdiction
case_43.pdf,Writ Jurisdiction
case_44.pdf,Writ Jurisdiction
case_45.pdf,Writ Jurisdiction
case_46.pdf,Writ Jurisdiction
case_47.pdf,Writ Jurisdiction
case_48.pdf,Writ Jurisdiction
case_49.pdf,Writ Jurisdiction
case_50.pdf,Writ Jurisdiction
